Crop_Year,Season,State,Area,Production,Annual_Rainfall,Fertilizer,Pesticide,Yield
1997,Whole Year ,Mizoram,68114.0,110573,2644.2,6482409.38,21115.34,1.6
2000,Kharif     ,Mizoram,51839.0,103673,2834.3,5089034.63,13478.14,1.8875
2001,Kharif     ,Mizoram,55880.0,105713,2406.4,5707024.4,14528.8,1.825
2002,Kharif     ,Mizoram,57067.0,109205,2627.0,5402532.89,14266.75,1.89
2003,Kharif     ,Mizoram,59196.0,114630,2499.5,5859220.08,14207.04,1.925
2005,Whole Year ,Mizoram,56460.0,107740,2075.4,6770683.2,11856.6,1.9425
2010,Autumn     ,Mizoram,28562.0,26499,2738.7,4744433.82,6854.88,0.92625
2010,Kharif     ,Mizoram,12123.0,20697,2738.7,2013751.53,2909.52,1.495
2010,Rabi       ,Mizoram,7.0,6,2738.7,1162.77,1.68,0.86
2011,Autumn     ,Mizoram,25826.0,26644,2439.340909,4326371.52,8522.58,1.04125
2011,Kharif     ,Mizoram,12700.0,25304,2439.340909,2127504.0,4191.0,2.03125
2011,Rabi       ,Mizoram,450.0,947,2439.340909,75384.0,148.5,2.3775
2012,Autumn     ,Mizoram,24706.0,27128,2050.2,3725664.8,7658.86,1.095
2012,Kharif     ,Mizoram,14330.0,29983,2050.2,2160964.0,4442.3,2.2925
2012,Rabi       ,Mizoram,306.0,589,2050.2,46144.8,94.86,2.3525
2013,Autumn     ,Mizoram,22633.0,25671,1848.8,3270242.17,6110.91,1.10625
2013,Kharif     ,Mizoram,15620.0,32440,1848.8,2256933.8,4217.4,2.1475
2013,Rabi       ,Mizoram,550.0,883,1848.8,79469.5,148.5,1.666666667
2014,Autumn     ,Mizoram,20064.0,23583,2029.9,3028861.44,6621.12,1.14875
2014,Kharif     ,Mizoram,16380.0,35983,2029.9,2472724.8,5405.4,2.2825
2014,Rabi       ,Mizoram,486.0,1113,2029.9,73366.56,160.38,2.063333333
2015,Autumn     ,Mizoram,19851.0,24343,2310.8,3134671.41,6550.83,1.22375
2015,Kharif     ,Mizoram,16804.0,36471,2310.8,2653519.64,5545.32,2.16
2015,Rabi       ,Mizoram,498.0,1275,2310.8,78639.18,164.34,2.515
2016,Autumn     ,Mizoram,19602.0,23665,2626.8,3004006.5,6860.7,1.21125
2016,Kharif     ,Mizoram,16862.0,36979,2626.8,2584101.5,5901.7,2.2325
2016,Rabi       ,Mizoram,394.0,872,2626.8,60380.5,137.9,2.21
2017,Autumn     ,Mizoram,19587.5,23580,3865.8,3083856.0,7443.25,1.18625
2017,Kharif     ,Mizoram,16039.7,35029,3865.8,2525290.368,6095.086,2.15625
2017,Rabi       ,Mizoram,487.0,998,3865.8,76673.28,185.06,2.09
2018,Autumn     ,Mizoram,18957.0,23372,1665.2,3074825.4,6634.95,1.215
2018,Kharif     ,Mizoram,16133.0,35678,1665.2,2616772.6,5646.55,2.1975
2018,Rabi       ,Mizoram,460.0,960,1665.2,74612.0,161.0,2.115
2019,Autumn     ,Mizoram,18510.0,22904,2178.5,3179277.6,6848.7,1.18875
2019,Kharif     ,Mizoram,16232.0,36357,2178.5,2788008.32,6005.84,2.2025
2019,Rabi       ,Mizoram,468.0,978,2178.5,80383.68,173.16,2.135
1998,Kharif     ,Mizoram,62372.0,95115,2640.7,6162353.6,18087.88,1.5225
1998,Rabi       ,Mizoram,6020.0,15698,2640.7,594776.0,1745.8,4.39
1999,Kharif     ,Mizoram,49713.0,88397,2535.9,5276040.69,13422.51,1.655
2004,Kharif     ,Mizoram,57085.0,107660,2640.8,6184588.9,11987.85,1.9225
2006,Kharif     ,Mizoram,50619.0,25789,2353.0,6464552.49,11136.18,0.4525
2006,Rabi       ,Mizoram,2232.0,3675,2353.0,285048.72,491.04,1.58
2007,Kharif     ,Mizoram,54393.0,15501,3095.2,7256026.2,8702.88,0.2625
2007,Rabi       ,Mizoram,148.0,187,3095.2,19743.2,23.68,1.264
2008,Kharif     ,Mizoram,51859.0,68637,1912.1,7417911.36,4667.31,1.20625
2008,Rabi       ,Mizoram,131.0,280,1912.1,18738.24,11.79,2.555
2009,Kharif     ,Mizoram,47085.0,65893,2086.3,7336784.7,8004.45,1.3175
2009,Rabi       ,Mizoram,119.0,238,2086.3,18542.58,20.23,2.0
2016,Kharif     ,Arunachal Pradesh,131000.0,220000,2933.7,20075750.0,45850.0,1.606
2017,Kharif     ,Arunachal Pradesh,132000.0,233335,2745.5,20782080.0,50160.0,1.6915
2018,Kharif     ,Arunachal Pradesh,133200.0,239998,2992.9,21605040.0,46620.0,1.737727273
2019,Kharif     ,Arunachal Pradesh,133500.0,244741,2433.3,22929960.0,49395.0,1.7792
1998,Kharif     ,Arunachal Pradesh,115481.0,114116,3616.7,11409522.8,33489.49,0.965384615
1999,Kharif     ,Arunachal Pradesh,122740.0,134807,2338.6,13026396.2,33139.8,1.097692308
2000,Kharif     ,Arunachal Pradesh,118601.0,132690,2157.7,11643060.17,30836.26,1.066153846
2001,Kharif     ,Arunachal Pradesh,119455.0,134621,2128.5,12199939.15,31058.3,1.135384615
2002,Kharif     ,Arunachal Pradesh,124584.0,152500,2832.8,11794367.28,31146.0,1.182666667
2003,Kharif     ,Arunachal Pradesh,119205.0,154589,2782.2,11798910.9,28609.2,1.201333333
2004,Kharif     ,Arunachal Pradesh,121642.0,134950,2939.5,13178694.28,25544.82,1.080625
2005,Kharif     ,Arunachal Pradesh,122267.0,146191,2767.0,14662258.64,25676.07,1.16125
2006,Kharif     ,Arunachal Pradesh,123038.0,144635,1940.0,15713182.98,27068.36,1.151875
2007,Kharif     ,Arunachal Pradesh,124029.0,158146,3223.9,16545468.6,19844.64,1.225625
2008,Kharif     ,Arunachal Pradesh,126799.0,164538,2244.4,18137328.96,11411.91,1.183125
2009,Kharif     ,Arunachal Pradesh,121468.0,143893,1701.9,18927143.76,20649.56,1.12
2010,Kharif     ,Arunachal Pradesh,121570.0,155993,2574.1,20193992.7,29176.8,1.219375
2011,Kharif     ,Arunachal Pradesh,123500.0,159543,2193.7,20688720.0,40755.0,1.21875
2012,Kharif     ,Arunachal Pradesh,126085.0,174662,2760.7,19013618.0,39086.35,1.308125
2013,Kharif     ,Arunachal Pradesh,131989.0,184104,2042.9,19071090.61,35637.03,1.300588235
2014,Kharif     ,Arunachal Pradesh,127200.0,189992,2403.2,19202112.0,41976.0,1.447058824
2015,Kharif     ,Arunachal Pradesh,128800.0,204001,2593.2,20338808.0,42504.0,2.0875
1997,Kharif     ,Arunachal Pradesh,120020.0,129505,2274.9,11422303.4,37206.2,1.06
1998,Kharif     ,Tripura,255487.0,491430,2472.9,25242115.6,74091.23,1.8775
2004,Kharif     ,Tripura,256076.0,602221,2706.3,27743273.84,53775.96,2.24
2005,Kharif     ,Tripura,253067.0,602947,1765.9,30347794.64,53144.07,2.305
2006,Kharif     ,Tripura,250939.0,628200,1764.3,32047419.69,55206.58,2.4225
2007,Kharif     ,Tripura,252897.0,640424,2831.8,33736459.8,40463.52,2.4375
2008,Kharif     ,Tripura,242966.0,627175,1827.8,34753856.64,21866.94,2.525
2009,Kharif     ,Tripura,245538.0,640010,2004.2,38259731.16,41741.46,2.5225
2010,Kharif     ,Tripura,264558.0,702473,2348.3,43945729.38,63493.92,2.5725
2011,Kharif     ,Tripura,265999.0,718304,2295.609091,44560152.48,87779.67,2.63
2012,Kharif     ,Tripura,254743.0,713222,1882.2,38415244.4,78970.33,2.78
2013,Kharif     ,Tripura,254254.0,711831,2043.5,36737160.46,68648.58,2.775
2014,Kharif     ,Tripura,257273.0,746954,2015.7,38837932.08,84900.09,2.885
2015,Kharif     ,Tripura,199818.0,575826,2334.4,31553260.38,65939.94,2.895
2015,Summer     ,Tripura,69975.0,219022,2334.4,11049752.25,23091.75,3.04625
2016,Autumn     ,Tripura,38136.0,101574,2475.3,5844342.0,13347.6,2.5475
2016,Kharif     ,Tripura,16843.0,18190,2475.3,2581189.75,5895.05,1.05875
2016,Summer     ,Tripura,71877.0,231509,2475.3,11015150.25,25156.95,3.145
2016,Winter     ,Tripura,150250.0,463371,2475.3,23025812.5,52587.5,3.05375
2017,Autumn     ,Tripura,37775.0,104258,3326.8,5947296.0,14354.5,2.68125
2017,Kharif     ,Tripura,15837.0,16787,3326.8,2493377.28,6018.06,1.02625
2017,Summer     ,Tripura,72224.0,235115,3326.8,11370946.56,27445.12,3.1475
2017,Winter     ,Tripura,148232.0,455932,3326.8,23337646.08,56328.16,3.045
2018,Autumn     ,Tripura,35340.0,93453,2169.1,5732148.0,12369.0,2.50625
2018,Kharif     ,Tripura,15382.0,16267,2169.1,2494960.4,5383.7,1.05375
2018,Summer     ,Tripura,70742.0,232551,2169.1,11474352.4,24759.7,3.0775
2018,Winter     ,Tripura,147900.0,450930,2169.1,23989380.0,51765.0,3.03375
2019,Autumn     ,Tripura,34235.0,94357,2252.8,5880203.6,12666.95,2.6425
2019,Kharif     ,Tripura,15228.0,16175,2252.8,2615561.28,5634.36,1.06875
2019,Summer     ,Tripura,70577.0,228104,2252.8,12122305.52,26113.49,3.13
2019,Winter     ,Tripura,147295.0,471608,2252.8,25299389.2,54499.15,3.17375
1999,Kharif     ,Tripura,232160.0,505680,2147.4,24639140.8,62683.2,2.075
2000,Kharif     ,Tripura,243070.0,547520,2437.5,23862181.9,63198.2,2.185
2001,Kharif     ,Tripura,246750.0,587390,2284.4,25200577.5,64155.0,2.28
2002,Kharif     ,Tripura,255270.0,602410,2579.8,24166410.9,63817.5,2.255
2003,Kharif     ,Tripura,257440.0,616820,2487.9,25481411.2,61785.6,2.31
2003,Kharif     ,Manipur,157830.0,381240,687.7,15622013.4,37879.2,2.305555556
2008,Kharif     ,Manipur,210990.0,518250,1134.8,30180009.6,18989.1,2.134444444
2009,Kharif     ,Manipur,113890.0,265090,992.5,17746339.8,19361.3,1.923333333
2010,Kharif     ,Manipur,212680.0,480240,2160.5,35328274.8,51043.2,1.945555556
2011,Kharif     ,Manipur,223670.0,591000,1533.561905,37469198.4,73811.1,2.34
2012,Kharif     ,Manipur,122690.0,257580,1176.7,18501652.0,38033.9,1.937777778
2013,Kharif     ,Manipur,222800.0,597670,1428.8,32192372.0,60156.0,2.354444444
2014,Kharif     ,Manipur,224380.0,501980,987.5,33872404.8,74045.4,2.073333333
2015,Kharif     ,Manipur,237000.0,508140,1329.1,37424670.0,78210.0,1.876666667
2016,Kharif     ,Manipur,244000.0,645600,2039.8,37393000.0,85400.0,2.313333333
2017,Kharif     ,Manipur,236710.0,607820,1780.0,37267622.4,89949.8,2.18
2018,Kharif     ,Manipur,233500.0,602430,1196.9,37873700.0,81725.0,2.232222222
1997,Kharif     ,Manipur,155.0,348,2053.3,14751.35,48.05,2.075555556
1998,Autumn     ,Manipur,88370.0,200290,1855.0,8730956.0,25627.3,2.094444444
1998,Winter     ,Manipur,78520.0,181900,1855.0,7757776.0,22770.8,2.2175
1999,Kharif     ,Manipur,157050.0,364980,2092.7,16667716.5,42403.5,2.171111111
2000,Kharif     ,Manipur,156890.0,381750,1969.7,15401891.3,40791.4,2.26
2001,Kharif     ,Manipur,162570.0,387270,2013.1,16603274.1,42268.2,2.234444444
2002,Kharif     ,Manipur,153110.0,335700,1743.7,14494923.7,38277.5,2.034444444
2004,Kharif     ,Manipur,176310.0,435930,1613.3,19101425.4,37025.1,2.327777778
2005,Kharif     ,Manipur,166260.0,386070,1585.4,19937899.2,34914.6,2.238888889
2006,Kharif     ,Manipur,165370.0,389170,1533.561905,21119402.7,36381.4,2.276666667
2007,Kharif     ,Manipur,166150.0,406150,1435.7,22164410.0,26584.0,2.378888889
1997,Kharif     ,Meghalaya,105170.0,150101,3818.2,10009028.9,32602.7,1.378571429
1998,Kharif     ,Meghalaya,105402.0,149742,6552.7,10413717.6,30566.58,1.51
1999,Kharif     ,Meghalaya,102482.0,156887,6200.3,10876414.66,27670.14,1.605714286
1999,Rabi       ,Meghalaya,3929.0,13846,6200.3,416984.77,1060.83,1.755714286
2000,Kharif     ,Meghalaya,102657.0,165907,6258.8,10077837.69,26690.82,1.681428571
2000,Rabi       ,Meghalaya,4003.0,13135,6258.8,392974.51,1040.78,1.744285714
2001,Kharif     ,Meghalaya,107761.0,188971,4241.0,11005630.93,28017.86,1.751428571
2003,Kharif     ,Meghalaya,109721.0,200703,3321.3,10860184.58,26333.04,1.798571429
2004,Autumn     ,Meghalaya,32667.0,37766,4767.9,3539142.78,6860.07,1.492857143
2004,Summer     ,Meghalaya,9224.0,37439,4767.9,999328.16,1937.04,2.078333333
2004,Winter     ,Meghalaya,69659.0,118514,4767.9,7546856.06,14628.39,1.792857143
2005,Autumn     ,Meghalaya,32678.0,43762,3374.4,3918745.76,6862.38,1.597142857
2005,Summer     ,Meghalaya,9791.0,39910,3374.4,1174136.72,2056.11,2.245
2005,Winter     ,Meghalaya,63602.0,124605,3374.4,7627151.84,13356.42,1.971428571
2006,Autumn     ,Meghalaya,32679.0,44736,2454.7,4173435.09,7189.38,1.641428571
2006,Rabi       ,Meghalaya,9854.0,39940,2454.7,1258454.34,2167.88,2.077142857
2006,Winter     ,Meghalaya,61752.0,115533,2454.7,7886347.92,13585.44,1.852857143
2008,Autumn     ,Meghalaya,32570.0,41908,3114.3,4658812.8,2931.3,1.53
2008,Summer     ,Meghalaya,12752.0,46600,3114.3,1824046.08,1147.68,2.154285714
2008,Winter     ,Meghalaya,62723.0,115354,3114.3,8971897.92,5645.07,1.802857143
2009,Autumn     ,Meghalaya,32560.0,41798,2995.9,5073499.2,5535.2,1.542857143
2009,Summer     ,Meghalaya,12777.0,46943,2995.9,1990912.14,2172.09,2.171428571
2009,Winter     ,Meghalaya,62825.0,115388,2995.9,9789391.5,10680.25,1.802857143
2010,Autumn     ,Meghalaya,32596.0,42492,3119.7,5414521.56,7823.04,1.53
2010,Rabi       ,Meghalaya,12797.0,47413,3119.7,2125709.67,3071.28,2.077142857
2010,Winter     ,Meghalaya,62892.0,117116,3119.7,10446990.12,15094.08,1.828571429
2011,Autumn     ,Meghalaya,32605.0,43401,4083.104545,5461989.6,10759.65,1.511428571
2011,Rabi       ,Meghalaya,12836.0,54206,4083.104545,2150286.72,4235.88,2.07
2011,Winter     ,Meghalaya,63434.0,125124,4083.104545,10626463.68,20933.22,1.91
2012,Autumn     ,Meghalaya,33000.0,66000,2945.3,4976400.0,10230.0,2.232857143
2012,Rabi       ,Meghalaya,13267.0,56786,2945.3,2000663.6,4112.77,2.13
2012,Winter     ,Meghalaya,63484.0,142867,2945.3,9573387.2,19680.04,2.118571429
2013,Autumn     ,Meghalaya,22569.0,48727,2448.4,3260994.81,6093.63,2.448571429
2013,Rabi       ,Meghalaya,13444.0,58685,2448.4,1942523.56,3629.88,2.396363636
2013,Winter     ,Meghalaya,46424.0,111289,2448.4,6707803.76,12534.48,2.238571429
2014,Autumn     ,Meghalaya,33102.0,76631,3484.4,4997077.92,10923.66,2.507272727
2014,Rabi       ,Meghalaya,13620.0,62687,3484.4,2056075.2,4494.6,2.505454545
2014,Winter     ,Meghalaya,63601.0,158920,3484.4,9601206.96,20988.33,2.319090909
2015,Autumn     ,Meghalaya,33136.0,77453,3870.8,5232505.76,10934.88,2.551818182
2015,Rabi       ,Meghalaya,13649.0,62901,3870.8,2155313.59,4504.17,2.557272727
2015,Winter     ,Meghalaya,63670.0,160722,3870.8,10054129.7,21011.1,2.347272727
2016,Autumn     ,Meghalaya,33646.0,78965,3837.1,5156249.5,11776.1,2.552727273
2016,Rabi       ,Meghalaya,13670.0,63373,3837.1,2094927.5,4784.5,2.573636364
2016,Winter     ,Meghalaya,63862.0,162180,3837.1,9786851.5,22351.7,2.359090909
2017,Autumn     ,Meghalaya,33575.0,78848,4472.3,5286048.0,12758.5,2.551818182
2017,Rabi       ,Meghalaya,13683.0,63428,4472.3,2154251.52,5199.54,2.576363636
2017,Winter     ,Meghalaya,63883.0,162272,4472.3,10057739.52,24275.54,2.36
2018,Autumn     ,Meghalaya,33494.0,78214,5649.1,5432726.8,11722.9,2.545454545
2018,Rabi       ,Meghalaya,13624.0,63050,5649.1,2209812.8,4768.4,2.569090909
2018,Winter     ,Meghalaya,63814.0,161706,5649.1,10350630.8,22334.9,2.352727273
2019,Autumn     ,Meghalaya,33480.0,78074,3844.4,5750524.8,12387.6,2.510909091
2019,Rabi       ,Meghalaya,13628.0,63081,3844.4,2340745.28,5042.36,2.57
2019,Winter     ,Meghalaya,63889.0,162321,3844.4,10973574.64,23638.93,2.36
2002,Kharif     ,Meghalaya,107742.0,190937,4355.3,10199935.14,26935.5,1.767142857
2007,Autumn     ,Meghalaya,32604.0,37918,4702.0,4349373.6,5216.64,1.498571429
2007,Summer     ,Meghalaya,11546.0,48132,4702.0,1540236.4,1847.36,2.022857143
2007,Winter     ,Meghalaya,62170.0,114027,4702.0,8293478.0,9947.2,1.812857143
1999,Kharif     ,Nagaland,148000.0,222000,1782.2,15707240.0,39960.0,1.484285714
2000,Kharif     ,Nagaland,150000.0,230000,1631.8,14725500.0,39000.0,1.5025
2000,Rabi       ,Nagaland,1680.0,3330,1631.8,164925.6,436.8,1.98
2001,Kharif     ,Nagaland,155000.0,235000,1532.0,15830150.0,40300.0,1.485
2001,Rabi       ,Nagaland,1500.0,2000,1532.0,153195.0,390.0,1.76
2002,Kharif     ,Nagaland,150000.0,223400,1536.6,14200500.0,37500.0,1.46375
2003,Kharif     ,Nagaland,155000.0,220990,1709.8,15341900.0,37200.0,1.36
2003,Rabi       ,Nagaland,1000.0,2000,1709.8,98980.0,240.0,1.945
2004,Kharif     ,Nagaland,153000.0,259750,1711.5,16576020.0,32130.0,1.65625
2004,Rabi       ,Nagaland,1000.0,2000,1711.5,108340.0,210.0,1.99
2005,Kharif     ,Nagaland,155500.0,261300,1568.6,18647560.0,32655.0,1.6425
2005,Rabi       ,Nagaland,900.0,1800,1568.6,107928.0,189.0,2.06
2006,Kharif     ,Nagaland,163680.0,261920,1362.5,20903572.8,36009.6,1.595
2006,Rabi       ,Nagaland,1000.0,1600,1362.5,127710.0,220.0,1.605
2007,Kharif     ,Nagaland,166000.0,308800,1769.0,22144400.0,26560.0,1.8275
2007,Rabi       ,Nagaland,1500.0,2500,1769.0,200100.0,240.0,1.66
2008,Kharif     ,Nagaland,173100.0,345090,1540.9,24760224.0,15579.0,1.964545455
2009,Kharif     ,Nagaland,168570.0,240310,1225.9,26266577.4,28656.9,1.393636364
2010,Kharif     ,Nagaland,180060.0,378210,1771.8,29909766.6,43214.4,2.051818182
2010,Rabi       ,Nagaland,1330.0,3150,1771.8,220926.3,319.2,2.38
2011,Kharif     ,Nagaland,179050.0,376390,1544.354545,29994456.0,59086.5,2.049090909
2011,Rabi       ,Nagaland,2530.0,5990,1544.354545,423825.6,834.9,2.34
2012,Kharif     ,Nagaland,179780.0,396230,1296.6,27110824.0,55731.8,2.15
2012,Rabi       ,Nagaland,3550.0,8950,1296.6,535340.0,1100.5,2.52
2013,Kharif     ,Nagaland,185670.0,419640,1350.9,26827458.3,50130.9,2.203636364
2013,Rabi       ,Nagaland,3810.0,10000,1350.9,550506.9,1028.7,2.633333333
2014,Kharif     ,Nagaland,191230.0,443450,1333.3,28868080.8,63105.9,2.260909091
2014,Rabi       ,Nagaland,4010.0,10740,1333.3,605349.6,1323.3,2.683333333
2015,Kharif     ,Nagaland,176790.0,427240,1308.3,27916908.9,58340.7,2.41
2015,Rabi       ,Nagaland,4520.0,12220,1308.3,713753.2,1491.6,2.703333333
2016,Kharif     ,Nagaland,201860.0,491660,1959.8,30935045.0,70651.0,2.391818182
2016,Rabi       ,Nagaland,4800.0,13400,1959.8,735600.0,1680.0,2.79
2017,Kharif     ,Nagaland,206750.0,509590,1722.1,32550720.0,78565.0,2.421818182
2017,Rabi       ,Nagaland,5250.0,14850,1722.1,826560.0,1995.0,2.826666667
2018,Kharif     ,Nagaland,208990.0,519600,1372.7,33898178.0,73146.5,2.444545455
2018,Rabi       ,Nagaland,5460.0,15440,1372.7,885612.0,1911.0,2.8275
2019,Kharif     ,Nagaland,211280.0,528920,1593.0,36289452.8,78173.6,2.459090909
2019,Rabi       ,Nagaland,5670.0,16050,1593.0,973879.2,2097.9,2.83
1997,Kharif     ,Nagaland,145000.0,188000,1398.5,13799650.0,44950.0,1.29
1997,Rabi       ,Nagaland,200.0,250,1398.5,19034.0,62.0,1.3
1998,Kharif     ,Nagaland,141000.0,205000,1498.0,13930800.0,40890.0,1.441428571
1997,Autumn     ,West Bengal,423121.0,751970,1852.9,40268425.57,131167.51,1.837222222
1997,Summer     ,West Bengal,1206829.0,3569520,1852.9,114853915.9,374116.99,2.843888889
1997,Winter     ,West Bengal,4270328.0,8915100,1852.9,406407115.8,1323801.68,1.985555556
1998,Autumn     ,West Bengal,425002.0,740688,2152.5,41990197.6,123250.58,1.751111111
1998,Summer     ,West Bengal,1450473.0,4921984,2152.5,143306732.4,420637.17,3.22
1998,Winter     ,West Bengal,4028620.0,7653780,2152.5,398027656.0,1168299.8,1.781666667
1999,Autumn     ,West Bengal,427155.0,827970,2318.1,45333960.15,115331.85,1.868888889
1999,Summer     ,West Bengal,1474338.0,4468400,2318.1,156471491.9,398071.26,2.897222222
1999,Winter     ,West Bengal,4248946.0,8463310,2318.1,450940639.0,1147215.42,1.906666667
2000,Autumn     ,West Bengal,393944.0,683950,1907.7,38673482.48,102425.44,1.648333333
2000,Summer     ,West Bengal,1401841.0,4541328,1907.7,137618731.0,364478.66,3.021111111
2000,Winter     ,West Bengal,3639538.0,7202760,1907.7,357293445.5,946279.88,1.876111111
2001,Autumn     ,West Bengal,353048.0,731778,1556.6,36056792.24,91792.48,2.094705882
2001,Summer     ,West Bengal,1366273.0,4166145,1556.6,139537461.5,355230.98,2.788823529
2001,Winter     ,West Bengal,3783766.0,8917625,1556.6,386436021.6,983779.16,2.235294118
2002,Autumn     ,West Bengal,384965.0,796652,1629.1,36444636.55,96241.25,2.092777778
2002,Summer     ,West Bengal,1406078.0,4198595,1629.1,133113404.3,351519.5,2.747777778
2002,Winter     ,West Bengal,4051084.0,9393991,1629.1,383516122.3,1012771.0,2.221666667
2003,Autumn     ,West Bengal,339753.0,719205,1526.7,33628751.94,81540.72,2.131666667
2003,Summer     ,West Bengal,1390148.0,4289454,1526.7,137596849.0,333635.52,2.879444444
2003,Winter     ,West Bengal,4126706.0,9653580,1526.7,408461359.9,990409.44,2.283333333
2005,Autumn     ,West Bengal,288129.0,605612,1650.1,34552429.68,60507.09,2.116111111
2005,Summer     ,West Bengal,1381957.0,4047038,1650.1,165724283.4,290210.97,2.767222222
2005,Winter     ,West Bengal,4112863.0,9858092,1650.1,493214531.0,863701.23,2.317222222
2006,Autumn     ,West Bengal,283859.0,575294,1631.4,36251632.89,62448.98,2.001111111
2006,Summer     ,West Bengal,1401233.0,4520656,1631.4,178951466.4,308271.26,3.028888889
2006,Winter     ,West Bengal,4001936.0,9649942,1631.4,511087246.6,880425.92,2.291666667
2007,Autumn     ,West Bengal,281618.0,565825,2007.5,37567841.2,45058.88,1.956111111
2007,Summer     ,West Bengal,1511593.0,4926105,2007.5,201646506.2,241854.88,3.048888889
2007,Winter     ,West Bengal,3926544.0,9227590,2007.5,523800969.6,628247.04,2.261666667
2008,Autumn     ,West Bengal,292444.0,604968,1560.1,41831189.76,26319.96,2.04
2008,Summer     ,West Bengal,1556662.0,4358011,1560.1,222664932.5,140099.58,2.646666667
2008,Winter     ,West Bengal,4086590.0,10074261,1560.1,584545833.6,367793.1,2.393888889
2004,Autumn     ,West Bengal,320822.0,653044,1612.9,34757855.48,67372.62,2.037222222
2004,Summer     ,West Bengal,1376387.0,4257111,1612.9,149117767.6,289041.27,2.857777778
2004,Winter     ,West Bengal,4086404.0,9974734,1612.9,442721009.4,858144.84,2.336111111
2009,Autumn     ,West Bengal,214062.0,466766,1317.2,33355140.84,36390.54,2.095
2009,Summer     ,West Bengal,1429703.0,4275871,1317.2,222776321.5,243049.51,2.79
2009,Winter     ,West Bengal,3986330.0,9597968,1317.2,621149940.6,677676.1,2.346111111
2010,Autumn     ,West Bengal,212132.0,453439,1096.0,35237246.52,50911.68,2.081666667
2010,Summer     ,West Bengal,1369892.0,4506848,1096.0,227552760.1,328774.08,3.123888889
2010,Winter     ,West Bengal,3362122.0,8429323,1096.0,558482085.4,806909.28,2.487222222
2011,Autumn     ,West Bengal,212971.0,471282,1686.5,35676901.92,70280.43,2.072222222
2011,Summer     ,West Bengal,1221076.0,3875100,1686.5,204554651.5,402955.08,3.035
2011,Winter     ,West Bengal,3999653.0,10259384,1686.5,670021870.6,1319885.49,2.475555556
2012,Autumn     ,West Bengal,205082.0,471150,1566.0,30926365.6,63575.42,2.259444444
2012,Summer     ,West Bengal,1228263.0,4065052,1566.0,185222060.4,380761.53,3.206111111
2012,Winter     ,West Bengal,4010973.0,10410533,1566.0,604854728.4,1243401.63,2.53
2013,Autumn     ,West Bengal,210036.0,493651,1939.9,30348101.64,56709.72,2.252777778
2013,Summer     ,West Bengal,1286995.0,4338142,1939.9,185957907.6,347488.65,3.127222222
2013,Winter     ,West Bengal,4016656.0,10545076,1939.9,580366625.4,1084497.12,2.626111111
2014,Autumn     ,West Bengal,227829.0,591451,1483.5,34393065.84,75183.57,2.516111111
2014,Summer     ,West Bengal,1290020.0,4351753,1483.5,194741419.2,425706.6,3.254444444
2014,Winter     ,West Bengal,4008662.0,10983992,1483.5,605147615.5,1322858.46,2.700555556
2015,Autumn     ,West Bengal,235970.0,612966,1717.0,37262022.7,77870.1,2.48
2015,Summer     ,West Bengal,1310585.0,4424392,1717.0,206954477.4,432493.05,3.155
2015,Winter     ,West Bengal,3977400.0,10910896,1717.0,628071234.0,1312542.0,2.670555556
2016,Autumn     ,West Bengal,247978.0,642310,1795.8,38002628.5,86792.3,2.493809524
2016,Summer     ,West Bengal,1185381.0,4005685,1795.8,181659638.3,414883.35,3.244285714
2016,Winter     ,West Bengal,3963495.0,10996579,1795.8,607405608.8,1387223.25,2.691363636
2017,Autumn     ,West Bengal,249341.0,633542,1830.0,39256247.04,94749.58,2.45
2017,Summer     ,West Bengal,1295678.0,4671912,1830.0,203991544.3,492357.64,3.375714286
2017,Winter     ,West Bengal,3992412.0,11010468,1830.0,628565345.3,1517116.56,2.684545455
2018,Autumn     ,West Bengal,230980.0,609496,2012.6,37464956.0,80843.0,2.672380952
2018,Summer     ,West Bengal,1279500.0,4615344,2012.6,207534900.0,447825.0,3.45952381
2018,Winter     ,West Bengal,4002092.0,11282409,2012.6,649139322.4,1400732.2,2.744545455
2019,Autumn     ,West Bengal,215126.0,514586,1733.4,36950041.76,79596.62,2.434285714
2019,Summer     ,West Bengal,1271772.0,4616835,1733.4,218439558.7,470555.64,3.464285714
2019,Winter     ,West Bengal,4004077.0,11344600,1733.4,687740265.5,1481508.49,2.771363636
1999,Autumn     ,Odisha,797000.0,743000,1484.3,84585610.0,215190.0,0.971333333
1999,Summer     ,Odisha,381810.0,912040,1484.3,40521495.3,103088.7,2.073333333
1999,Winter     ,Odisha,3423000.0,3532000,1484.3,363282990.0,924210.0,1.142666667
2000,Autumn     ,Odisha,854570.0,464250,1066.0,83893136.9,222188.2,0.733666667
2000,Summer     ,Odisha,206730.0,441540,1066.0,20294684.1,53749.8,1.685333333
2000,Winter     ,Odisha,3372220.0,3707590,1066.0,331050837.4,876777.2,1.020666667
2001,Kharif     ,Odisha,4500000.0,7220000,1672.5,459585000.0,1170000.0,1.583666667
2002,Kharif     ,Odisha,4273000.0,3278000,1102.8,404524910.0,1068250.0,0.753333333
2003,Kharif     ,Odisha,4501000.0,6801000,1648.2,445508980.0,1080240.0,1.516333333
2019,Autumn     ,Odisha,426080.0,769480,1593.9,73183500.8,157649.6,1.8825
2019,Summer     ,Odisha,292610.0,932910,1593.9,50258693.6,108265.7,2.796896552
2019,Winter     ,Odisha,3222020.0,8052660,1593.9,553414155.2,1192147.4,2.564666667
2004,Autumn     ,Odisha,824000.0,677000,1290.4,89272160.0,173040.0,0.98
2004,Summer     ,Odisha,293000.0,652000,1290.4,31743620.0,61530.0,1.938148148
2004,Winter     ,Odisha,3375000.0,5207000,1290.4,365647500.0,708750.0,1.511333333
1998,Autumn     ,Odisha,819731.0,501365,1357.1,80989422.8,237721.99,0.837666667
1998,Summer     ,Odisha,268081.0,506455,1357.1,26486402.8,77743.49,1.582666667
1998,Winter     ,Odisha,3358901.0,4383502,1357.1,331859418.8,974081.29,1.342333333
2005,Autumn     ,Odisha,781000.0,681000,1503.4,93657520.0,164010.0,1.016428571
2005,Summer     ,Odisha,325000.0,702000,1503.4,38974000.0,68250.0,2.04
2005,Winter     ,Odisha,3373000.0,5475000,1503.4,404490160.0,708330.0,1.639666667
2006,Autumn     ,Odisha,757000.0,765000,1716.9,96676470.0,166540.0,1.056785714
2006,Summer     ,Odisha,315000.0,720000,1716.9,40228650.0,69300.0,2.012
2006,Winter     ,Odisha,3379000.0,5338000,1716.9,431532090.0,743380.0,1.580333333
2007,Autumn     ,Odisha,742000.0,814000,1633.8,98982800.0,118720.0,1.082857143
2007,Summer     ,Odisha,334000.0,816000,1633.8,44555600.0,53440.0,2.108928571
2007,Winter     ,Odisha,3376000.0,5910000,1633.8,450358400.0,540160.0,1.747
2008,Autumn     ,Odisha,707000.0,735000,1539.0,101129280.0,63630.0,1.062142857
2008,Summer     ,Odisha,331000.0,811000,1539.0,47346240.0,29790.0,2.051538462
2008,Winter     ,Odisha,3417000.0,5266000,1539.0,488767680.0,307530.0,1.545333333
2009,Autumn     ,Odisha,687000.0,618000,1330.3,107048340.0,116790.0,1.024074074
2009,Summer     ,Odisha,265000.0,714000,1330.3,41292300.0,45050.0,2.163636364
2009,Winter     ,Odisha,3413000.0,5581000,1330.3,531813660.0,580210.0,1.575666667
2010,Autumn     ,Odisha,678000.0,563000,1291.9,112622580.0,162720.0,0.939642857
2010,Summer     ,Odisha,293000.0,863000,1291.9,48670230.0,70320.0,2.1024
2010,Winter     ,Odisha,3255000.0,5398000,1291.9,540688050.0,781200.0,1.633
2011,Autumn     ,Odisha,536000.0,418000,1346.2,89790720.0,176880.0,0.8
2011,Summer     ,Odisha,236000.0,755000,1346.2,39534720.0,77880.0,2.363913043
2011,Winter     ,Odisha,3233000.0,4633000,1346.2,541592160.0,1066890.0,1.405333333
2012,Autumn     ,Odisha,561000.0,970000,1430.2,84598800.0,173910.0,1.56
2012,Summer     ,Odisha,8629000.0,868000,1430.2,1301253200.0,2674990.0,0.077333333
2012,Winter     ,Odisha,3188000.0,7658000,1430.2,480750400.0,988280.0,2.490666667
2013,Autumn     ,Odisha,582000.0,851000,1632.4,84093180.0,157140.0,1.2972
2013,Summer     ,Odisha,300000.0,1025000,1632.4,43347000.0,81000.0,2.857307692
2013,Winter     ,Odisha,3298000.0,5734000,1632.4,476528020.0,890460.0,1.853
2014,Autumn     ,Odisha,583000.0,1036000,1536.9,88009680.0,192390.0,1.599166667
2014,Summer     ,Odisha,301000.0,1002000,1536.9,45438960.0,99330.0,2.62
2014,Winter     ,Odisha,3282000.0,7802000,1536.9,495450720.0,1083060.0,2.379333333
2015,Autumn     ,Odisha,541000.0,390000,1210.1,85429310.0,178530.0,0.864583333
2015,Summer     ,Odisha,234000.0,782000,1210.1,36950940.0,77220.0,2.619090909
2015,Winter     ,Odisha,3167000.0,4702000,1210.1,500100970.0,1045110.0,1.417666667
2016,Autumn     ,Odisha,511550.0,657520,1460.5,78395037.5,179042.5,1.444074074
2016,Summer     ,Odisha,224780.0,793690,1460.5,34447535.0,78673.0,2.745333333
2016,Winter     ,Odisha,3226450.0,8343100,1460.5,494453462.5,1129257.5,2.543
2017,Autumn     ,Odisha,530320.0,576840,1344.4,83493580.8,201521.6,1.218928571
2017,Summer     ,Odisha,221940.0,695400,1344.4,34942233.6,84337.2,2.673571429
2017,Winter     ,Odisha,3014130.0,5279130,1344.4,474544627.2,1145369.4,1.747
2018,Autumn     ,Odisha,454370.0,527490,1635.9,73698814.0,159029.5,1.322916667
2018,Summer     ,Odisha,274230.0,925810,1635.9,44480106.0,95980.5,2.586071429
2018,Winter     ,Odisha,3130820.0,6280410,1635.9,507819004.0,1095787.0,1.982333333
1997,Kharif     ,Sikkim,15691.0,21447,2804.1,1493312.47,4864.21,1.365
1998,Kharif     ,Sikkim,15874.0,21957,3183.8,1568351.2,4603.46,1.3775
1999,Kharif     ,Sikkim,15908.0,23439,2678.5,1688316.04,4295.16,1.465
2000,Kharif     ,Sikkim,15218.0,21358,2504.8,1493951.06,3956.68,1.4225
2001,Kharif     ,Sikkim,14900.0,21372,2372.5,1521737.0,3874.0,1.4275
2002,Kharif     ,Sikkim,14790.0,21220,2496.2,1400169.3,3697.5,1.4325
2003,Kharif     ,Sikkim,14740.0,21190,2838.1,1458965.2,3537.6,1.4275
2004,Kharif     ,Sikkim,9070.0,21610,1650.5,982643.8,1904.7,4.7875
2005,Kharif     ,Sikkim,9790.0,23690,2041.6,1174016.8,2055.9,5.3425
2006,Kharif     ,Sikkim,9200.0,21450,2270.2,1174932.0,2024.0,4.84
2007,Kharif     ,Sikkim,11860.0,19480,2003.4,1582124.0,1897.6,1.5475
2008,Kharif     ,Sikkim,13000.0,22230,2247.5,1859520.0,1170.0,1.5925
2009,Kharif     ,Sikkim,12270.0,20930,2176.6,1911911.4,2085.9,1.595
2010,Kharif     ,Sikkim,12140.0,20973,2527.0,2016575.4,2913.6,1.6225
2011,Kharif     ,Sikkim,12070.0,20880,2585.486364,2021966.4,3983.1,1.6225
2012,Kharif     ,Sikkim,11920.0,21340,3006.9,1797536.0,3695.2,1.7175
2013,Kharif     ,Sikkim,11158.0,20260,2567.6,1612219.42,3012.66,1.76
2014,Kharif     ,Sikkim,11040.0,20070,2627.0,1666598.4,3643.2,1.76
2015,Kharif     ,Sikkim,10669.0,19687,2949.1,1684741.79,3520.77,1.7925
2016,Kharif     ,Sikkim,10481.0,19453,2971.6,1606213.25,3668.35,1.8075
2017,Kharif     ,Sikkim,9501.0,17636,2873.6,1495837.44,3610.38,1.815
2018,Kharif     ,Sikkim,9256.0,17182,3350.1,1501323.2,3239.6,1.82
2019,Kharif     ,Sikkim,8685.0,16137,2740.0,1491735.6,3213.45,1.8225
1997,Autumn     ,Assam,607358.0,398311,2051.4,57802260.86,188280.98,0.780869565
1997,Summer     ,Assam,174974.0,209623,2051.4,16652275.58,54241.94,1.060434783
1997,Winter     ,Assam,1743321.0,1647296,2051.4,165911859.6,540429.51,0.941304348
1998,Autumn     ,Assam,594979.0,520605,2354.4,58783925.2,172543.91,1.055652174
1998,Summer     ,Assam,223913.0,446114,2354.4,22122604.4,64934.77,1.685217391
1998,Winter     ,Assam,1635230.0,2288114,2354.4,161560724.0,474216.7,1.395652174
1999,Autumn     ,Assam,557220.0,514156,2201.8,59137758.6,150449.4,1.094782609
1999,Summer     ,Assam,294654.0,653783,2201.8,31271629.02,79556.58,1.990434783
1999,Winter     ,Assam,1793994.0,2692709,2201.8,190396583.2,484378.38,1.501304348
2000,Autumn     ,Assam,539665.0,557764,1965.5,52978913.05,140312.9,1.197826087
2000,Summer     ,Assam,329255.0,681027,1965.5,32322963.35,85606.3,1.825217391
2000,Winter     ,Assam,1777257.0,2759652,1965.5,174473319.7,462086.82,1.581304348
2001,Autumn     ,Assam,495698.0,487719,1824.7,50625636.74,128881.48,1.120434783
2001,Summer     ,Assam,325987.0,653036,1824.7,33293052.31,84756.62,1.806521739
2001,Winter     ,Assam,1714736.0,2713493,1824.7,175125987.7,445831.36,1.600434783
2002,Autumn     ,Assam,464497.0,444884,1973.6,43973930.99,116124.25,1.076521739
2002,Summer     ,Assam,327468.0,622358,1973.6,31001395.56,81867.0,1.794347826
2002,Winter     ,Assam,1748715.0,2670560,1973.6,165550849.1,437178.75,1.545652174
2003,Autumn     ,Assam,441143.0,430374,2213.7,43664334.14,105874.32,1.118695652
2003,Summer     ,Assam,319480.0,573189,2213.7,31622130.4,76675.2,1.493913043
2003,Winter     ,Assam,1769203.0,2877371,2213.7,175115712.9,424608.72,1.618695652
2005,Autumn     ,Assam,398316.0,398077,2184.6,47766054.72,83646.36,1.132222222
2005,Summer     ,Assam,314671.0,559969,2184.6,37735346.32,66080.91,1.637692308
2005,Winter     ,Assam,1707340.0,2594392,2184.6,204744212.8,358541.4,1.502592593
2006,Autumn     ,Assam,379441.0,335708,1774.9,48458410.11,83477.02,1.028148148
2006,Summer     ,Assam,312471.0,630162,1774.9,39905671.41,68743.62,1.837037037
2006,Winter     ,Assam,1504647.0,1950144,1774.9,192158468.4,331022.34,1.269259259
2007,Autumn     ,Assam,354115.0,347992,2154.1,47238941.0,56658.4,1.082592593
2007,Summer     ,Assam,322889.0,731851,2154.1,43073392.6,51662.24,2.085925926
2007,Winter     ,Assam,1646992.0,2238765,2154.1,219708732.8,263518.72,1.36962963
2008,Autumn     ,Assam,350649.0,374010,2109.9,50156832.96,31558.41,1.117777778
2008,Summer     ,Assam,360266.0,768582,2109.9,51532448.64,32423.94,1.951153846
2008,Winter     ,Assam,1773211.0,2865843,2109.9,253640101.4,159588.99,1.607407407
2009,Autumn     ,Assam,340830.0,334655,1727.1,53108130.6,57941.1,1.070740741
2009,Summer     ,Assam,394442.0,859790,1727.1,61461952.44,67055.14,1.903703704
2009,Winter     ,Assam,1762324.0,3213979,1727.1,274605325.7,299595.08,1.780740741
2010,Autumn     ,Assam,307988.0,355825,2578.5,51159886.68,73917.12,1.272592593
2010,Summer     ,Assam,398785.0,1027575,2578.5,66242176.35,95708.4,2.342222222
2010,Winter     ,Assam,1830682.0,3649129,2578.5,304094587.0,439363.68,1.958888889
2011,Autumn     ,Assam,276486.0,338015,1743.4,46316934.72,91240.38,1.268518519
2011,Summer     ,Assam,393619.0,1080072,1743.4,65939054.88,129894.27,2.489615385
2011,Winter     ,Assam,1875601.0,3297591,1743.4,314200679.5,618948.33,1.797037037
2012,Autumn     ,Assam,238178.0,308745,2167.5,35917242.4,73835.18,1.291481481
2012,Summer     ,Assam,389140.0,1155877,2167.5,58682312.0,120633.4,2.7724
2012,Winter     ,Assam,1857410.0,3655430,2167.5,280097428.0,575797.1,1.968888889
2013,Autumn     ,Assam,223332.0,294440,1797.7,32269240.68,60299.64,1.386296296
2013,Summer     ,Assam,399132.0,1189858,1797.7,57670582.68,107765.64,2.655925926
2013,Winter     ,Assam,1880737.0,3709081,1797.7,271747689.1,507798.99,1.982592593
2014,Autumn     ,Assam,196188.0,280693,1899.0,29616540.48,64742.04,1.531481481
2014,Summer     ,Assam,416353.0,1224046,1899.0,62852648.88,137396.49,2.613076923
2014,Winter     ,Assam,1882756.0,3717906,1899.0,284220845.8,621309.48,1.977777778
2015,Autumn     ,Assam,191322.0,256729,2155.3,30211657.02,63136.26,1.398888889
2015,Summer     ,Assam,404982.0,1141336,2155.3,63950707.62,133644.06,2.488076923
2015,Winter     ,Assam,1888683.0,3727039,2155.3,298241932.5,623265.39,1.965925926
2016,Autumn     ,Assam,168044.0,228206,2296.8,25752743.0,58815.4,1.405185185
2016,Summer     ,Assam,408132.0,1131872,2296.8,62546229.0,142846.2,2.412692308
2016,Winter     ,Assam,1890960.0,3767357,2296.8,289789620.0,661836.0,1.996666667
2017,Autumn     ,Assam,154511.0,209349,2098.563636,24326211.84,58714.18,1.418148148
2017,Summer     ,Assam,400402.0,1191244,2098.563636,63039290.88,152152.76,2.704615385
2017,Winter     ,Assam,1878798.0,3883120,2098.563636,295797957.1,713943.24,2.063703704
2018,Autumn     ,Assam,144766.0,209122,2372.9,23481045.2,50668.1,1.492592593
2018,Summer     ,Assam,400873.0,1145512,2372.9,65021600.6,140305.55,2.645
2018,Winter     ,Assam,1879539.0,4082738,2372.9,304861225.8,657838.65,2.15
2019,Autumn     ,Assam,127223.0,193215,2084.7,21851822.48,47072.51,1.464814815
2019,Summer     ,Assam,395518.0,1025571,2084.7,67934171.68,146341.66,2.492307692
2019,Winter     ,Assam,1878208.0,3996018,2084.7,322601006.1,694936.96,2.137037037
2004,Autumn     ,Assam,436244.0,286330,2536.9,47262674.96,91611.24,0.802173913
2004,Summer     ,Assam,311437.0,610136,2536.9,33741084.58,65401.77,1.764347826
2004,Winter     ,Assam,1636050.0,2574284,2536.9,177249657.0,343570.5,1.551304348
